ticker,time_published,title,url,source,source_domain,summary,authors,topic_names,topic_relevance_mean,overall_sentiment_score,overall_sentiment_label,ticker_relevance_score,ticker_sentiment_score,ticker_sentiment_label
SPY,2015-02-10 09:36:31+00:00,"Ray Dalio's Bridgewater picks up chunk of Microsoft, ditches UPS",https://www.investmentnews.com/equities/ray-dalios-bridgewater-picks-up-chunk-of-microsoft-ditches-ups/60966,InvestmentNews,InvestmentNews,"Ray Dalio's Bridgewater Associates significantly increased its stake in Microsoft Corp. while divesting its holdings in SPDR S&P 500 ETF Trust and United Parcel Service Inc. during the last quarter. The hedge fund, despite seeing its equity holdings decline in value, still outperformed most peers in January with an 8.3% gain, managing $160 billion in assets. These portfolio changes were detailed in a recent SEC filing.",Bloomberg,financial_markets|finance|economy_macro|technology|energy_transportation,0.7445672,-0.140483,Neutral,0.906162,0.147022,Neutral
SPY,2015-05-29 06:01:00+00:00,Opinion: ETFs for ‘growth’ and ‘value’ stocks can trip up investors,https://www.marketwatch.com/story/etfs-for-growth-and-value-stocks-can-trip-up-investors-2015-05-29?gaa_at=eafs&gaa_n=AWEtsqf8DD_g-5MiOi8CQgLjEB3EE_s5AgrwAUpwtURkc6gP1icglnhV3ZmK&gaa_ts=69087ac6&gaa_sig=zus6Rb02vmTdpIBX4oMUvbyL3VemjrodXuXGqAmq0pFOXCA8Kq__5fn8i5-p3RdAkSvIPZJBYVdw7sPinEgB_g%3D%3D,MarketWatch,MarketWatch,"This article discusses the challenges investors face with ""growth"" and ""value"" stock classifications when using ETFs. The author argues that despite these being common investment labels, their definitions are often ambiguous and lack consensus, complicating investment decisions. This lack of clear definitions can lead to confusion and potential pitfalls for investors relying on these categories.",John Prestbo,financial_markets,0.905645,0.095108,Neutral,0.810957,0.094057,Neutral
SPY,2015-12-01 09:36:31+00:00,This new ETF tracks the green version of the S&P 500,https://www.investmentnews.com/equities/this-new-etf-tracks-the-green-version-of-the-sp-500/65501,InvestmentNews,InvestmentNews,"A new ETF, the SPDR S&P 500 Fossil Fuel Free ETF (SPYX), has been launched to offer a greener version of the traditional S&P 500. This ETF removes companies with fossil fuel reserves from the S&P 500, significantly reducing its energy sector exposure compared to the SPDR S&P 500 ETF Trust (SPY). While not entirely carbon-free, SPYX offers investors a lower-carbon footprint option for broad market exposure.",Bloomberg,financial_markets|energy_transportation,0.8812504999999999,0.1905,Somewhat-Bullish,1.0,0.250468,Somewhat-Bullish
SPY,2017-11-01 13:15:00+00:00,A new ETF tries turning market-cap weighting on its head,https://www.marketwatch.com/story/a-new-etf-tries-turning-market-cap-weighting-on-its-head-2017-11-01?gaa_at=eafs&gaa_n=AWEtsqdr9UjZ0AfuKMK5i8eGRq0HYzmDkXEUVZvfWc9U4SgAy87WIwSYwQGq&gaa_ts=69084150&gaa_sig=6_g81P5NpYEcxmnd7X-pex8txuXs7KTk61muy35mbtYerLZbVXJUofiAsiCra92DiDBHEDW_mJtMeqRvg8oACQ%3D%3D,MarketWatch,MarketWatch,"A new exchange-traded fund, the Reverse Cap Weighted US Large Cap ETF, is challenging traditional market-cap weighting by inversing the proportions of its S&P 500 components. This means that while Apple is the largest stock in the benchmark index, it will be the smallest component in this new fund, launching on Wednesday. The fund aims to flip the time-tested approach of passive investments that typically rank stocks by size.",,financial_markets|finance,0.8325015,0.103526,Neutral,0.720067,-0.108922,Neutral
SPY,2017-12-07 14:48:00+00:00,"Bitcoin’s surge over $15,000 makes it bigger than all but 12 S&P 500 components",https://www.marketwatch.com/story/bitcoins-surge-makes-it-bigger-than-these-iconic-companies-2017-11-27?gaa_at=eafs&gaa_n=AWEtsqftdn-d5ItMA77sxVnMXa4GsZ7gOwRYSLV4y0nKW3XIVXNpUbYV0UfA&gaa_ts=69084150&gaa_sig=rOfBEuUbo5p8A8aJiQu4qX3-jdD48CYEetnAjoZ4mt2ng3jYlll93Bv3WziNTlImsJ-w_cRyfvY0ytle0PUTEQ%3D%3D,MarketWatch,MarketWatch,"Bitcoin's market capitalization has grown to exceed that of all but 12 S&P 500 companies, including major bellwethers like Visa, Procter & Gamble, and Chevron. This surge is attributed to its massive price appreciation, which saw it climb over 1,400% in 2017 and break through the $15,000 mark. The digital currency's rapid growth positions it as larger than many established and well-known global brands.",,blockchain|financial_markets|economy_macro,0.7886636666666668,0.195643,Somewhat-Bullish,0.912318,0.31282,Somewhat-Bullish
SPY,2018-03-14 08:25:00+00:00,"S&P 500’s new mini-uptrend give bears more reason to be nervous, charts suggest",https://www.marketwatch.com/story/sp-500s-new-mini-uptrend-give-bears-more-reason-to-be-nervous-charts-suggest-2018-03-13?gaa_at=eafs&gaa_n=AWEtsqcs8AHmfCcntz_gxYdznpFu94O_lgCFbWwIkOCPb6p5KC3xtbuaGa5Q&gaa_ts=6908241c&gaa_sig=UaxJagDOWUDHshUK2hNB7g6HnNIPekIoFhZ40-xPEmxlmk0PVo7kBC-KV85sjFEVyCOcZua5aLV91Qjcsa8Tew%3D%3D,MarketWatch,MarketWatch,"The S&P 500's recent movements, characterized by higher lows and higher highs, suggest the start of a new mini-uptrend. This pattern, observed through technical analysis, implies that the broader nine-year bull market is still intact. Consequently, charts indicate that market bears should be more concerned about the current market trajectory.",,financial_markets,0.902089,0.265796,Somewhat-Bullish,0.348868,0.043264,Neutral
SPY,2018-04-23 08:42:00+00:00,"SPY Chart, Investor Sentiment Echo November 2016 Stock Market",https://www.schaeffersresearch.com/content/analysis/2018/04/23/spy-chart-investor-sentiment-echo-november-2016-stock-market,Schaeffer's Investment Research,Schaeffer's Investment Research,"The article discusses the stock market's resistance at key technical levels and the lingering influence of FOMC rate hikes. It highlights how current investor sentiment, specifically low equity allocations and technical indicators, echoes the pre-November 2016 election period. The author suggests that a resolution to trade war concerns, similar to the removal of election uncertainty in 2016, may be needed to push the S&P 500 above resistance.",Todd Salamone,financial_markets|economy_monetary|earnings|economy_macro,0.76787225,-0.213693,Somewhat-Bearish,1.0,-0.235726,Somewhat-Bearish
SPY,2019-03-15 09:13:00+00:00,"If you’re tracking the S&P 500 instead of this fund, you’re leaving money on the table",https://www.marketwatch.com/story/if-youre-tracking-the-sp-500-instead-of-this-fund-youre-leaving-money-on-the-table-2019-03-13?gaa_at=eafs&gaa_n=AWEtsqcLhmlUZjs0Oy8Cq43yweAyma_LaU2xbYMt4WcrYoX-mlmdEO2SjEYG&gaa_ts=690806ed&gaa_sig=sNl8QRDH99I-IyiAcvfSQLFrBLDYaNyFySDMNE4BEtNP1iBbPBMyjHq3Z_1pML-68AAZL0hL01Z-LeTV7nQE5Q%3D%3D,MarketWatch,MarketWatch,"The article suggests that investors tracking the S&P 500 might be missing out on better performance by not considering the Invesco QQQ Trust. It highlights QQQ as a successful and diversified alternative, noting that even with ""FAANG"" company dominance, valuations are lower than during the dot-com bubble. The piece advocates for diversification beyond traditional S&P 500 index funds for retirement savers.",,financial_markets|technology,0.8725645,0.190219,Somewhat-Bullish,1.0,0.294594,Somewhat-Bullish
SPY,2019-05-01 11:42:00+00:00,"SPY ETF Breaks New All-Time High, Up Over 18% YTD",https://www.etftrends.com/equity-etf-channel/spy-etf-breaks-new-all-time-high-up-over-18-ytd/,ETF Trends,ETF Trends,"The SPDR S&P 500 ETF (SPY) reached a new all-time high of $294.78, up over 18% year-to-date, driven by strong U.S. equities and better-than-expected Q1 GDP numbers. The article highlights SPY's enduring popularity and significant inflows into ETFs compared to mutual funds, reflecting resilient investor sentiment despite past market challenges. It also details the key features of SPY and its top holdings.",Ben Hernandez,financial_markets|economy_macro,0.89664,0.032778,Neutral,0.309341,0.041958,Neutral
SPY,2019-11-22 00:00:00+00:00,SPDR chairman and industry pioneer Jim Ross to retire,https://www.etfstream.com/articles/spdr-chairman-and-industry-pioneer-jim-ross-to-retire,ETF Stream,ETF Stream,"Jim Ross, an industry pioneer who helped launch the first ETFs including the SPDR S&P 500 ETF Trust (SPY), is retiring as chairman of the global SPDR ETFs business after 27 years with State Street Global Advisors. Ross, who led SPDR's ETF business since 2005 and became chairman in 2016, will retire in March 2020. His contributions were lauded by State Street CEO Ron O’Hanley as instrumental to one of the most important product innovations in the investment management industry.",Tom Eckett,finance,0.847568,0.1064,Neutral,1.0,0.135097,Neutral
SPY,2020-02-27 23:21:30+00:00,ETF of the Week: SPDR Portfolio S&P 500 ETF (SPLG),https://www.etftrends.com/multi-asset-channel/etf-of-the-week-spdr-portfolio-sp-500-etf-splg/,ETF Trends,ETF Trends,"This article discusses the SPDR Portfolio S&P 500 ETF (SPLG) as a cheaper, more modernized alternative to the flagship SPDR S&P 500 ETF Trust (SPY). ETF Trends CEO Tom Lydon highlights SPLG's advantages for long-term investors, including a lower expense ratio and a more flexible structure compared to SPY's unit investment trust setup. The article notes SPLG's growing traction with $700 million in net inflows for the week ended February 21, 2020.",Aaron Neuwirth,financial_markets|finance,0.884819,-0.256197,Somewhat-Bearish,1.0,-0.269395,Somewhat-Bearish
SPY,2020-10-24 09:19:00+00:00,How to invest in the S&P 500 without betting hard on the ‘FAAMG’ stocks that are 20% of the index,https://www.marketwatch.com/story/how-to-invest-in-the-sp-500-without-betting-on-faamg-stocks-2020-10-23?gaa_at=eafs&gaa_n=AWEtsqcVe5OvxafNY1tih3paw4PGK5Lt9VOIG40RIBMeU60E8b9NnM-5J_EM&gaa_ts=6907eaa8&gaa_sig=oRNV3Myd3V_ABsYnni4y6Ko0cX3hfaY-XjIqNQhDdmOMiCLTkEM__rHXR6_zwaunwL1G9xdJfMFTWrCmsBSkIA%3D%3D,MarketWatch,MarketWatch,"This article discusses how to invest in the S&P 500 without heavily relying on the ""FAAMG"" stocks (Facebook, Apple, Amazon.com, Microsoft, and Google/Alphabet), which represent a significant portion of the index's valuation. It suggests that when investing in a standard S&P 500 index fund, one is implicitly making a large bet on the continued success of these five tech giants. The article hints at an alternative strategy, specifically mentioning an ""Equal-weight S&P 500 ETF,"" for investors looking to diversify away from the concentrated influence of FAAMG stocks within the S&P 500.",,financial_markets,0.905594,0.286151,Somewhat-Bullish,1.0,0.275588,Somewhat-Bullish
SPY,2020-11-24 03:52:05+00:00,"Dow pulls back more than 150 points after reaching 30,000 milestone",https://www.cnbc.com/2020/11/24/stock-market-futures-open-to-close-news.html,CNBC,CNBC,"The Dow Jones Industrial Average fell on Wednesday, pulling back after reaching the 30,000 milestone the previous day, amidst disappointing unemployment data. The S&P 500 dipped while the Nasdaq Composite rose, and trading volumes were lighter ahead of Thanksgiving. Salesforce led the Dow lower on news of its potential acquisition of Slack, while positive vaccine news and political clarity had previously fueled market rallies.",Fred Imbert,financial_markets|economy_macro|life_sciences|economy_monetary|mergers_and_acquisitions,0.723637,-0.142793,Neutral,1.0,-0.129013,Neutral
SPY,2020-12-04 02:55:14+00:00,S&P 500 Approaching Elliott Wave 5 Top,https://www.seeitmarket.com/sp-500-approaching-elliott-wave-5-top/,See It Market,See It Market,"The article suggests the S&P 500 is nearing a potential long-term top based on Elliott Wave analysis, with major U.S. indices showing possibly completed upward patterns. Investors are advised to rebalance portfolios defensively, and traders should recognize higher risk for bullish positions. While a major correction could start soon, the authors caution against premature bearishness, noting an alternative wave count that could lead to further gains.",T. Pizzuti and K. Hulse,financial_markets|economy_macro,0.7790874999999999,-0.386178,Bearish,1.0,-0.404018,Bearish
SPY,2021-01-17 21:17:20+00:00,"SPY - Ssga Active Trust - Spdr S&p 500 Etf Trust Quote, Price, Charts & News",https://www.cmlviz.com/stocks/SPY/summary,CMLviz,CMLviz,"This page provides real-time quote, price, charts, and news for the SPDR S&P 500 ETF Trust (SPY), managed by SSgA Active Trust. It displays current market data for SPY, along with major indices like SPX, Dow 30, QQQ, and VIX. The content appears to be a tear sheet or summary page for the SPY ETF from CMLViz.com.",,financial_markets,0.91454,0.359524,Bullish,1.0,0.343587,Somewhat-Bullish
SPY,2021-05-25 17:28:00+00:00,Bets Against $357 Billion S&P 500 ETF Jump to Highest This Year,https://www.bloomberg.com/news/articles/2021-05-25/bets-against-357-billion-s-p-500-etf-jump-to-highest-this-year,Bloomberg.com,Bloomberg.com,"Investors are increasing their bets against the S&P 500 by shorting the SPDR S&P 500 ETF Trust (SPY). Short interest in the $357 billion ETF has reached its highest level this year, even as the S&P 500 fluctuates near its all-time high.",Sam Potter and Kamaron Leach,financial_markets,0.941659,-0.240405,Somewhat-Bearish,1.0,-0.236608,Somewhat-Bearish
SPY,2021-05-25 18:06:00+00:00,"S&P 500 ekes out a small gain in light trading, boosted by reopening plays",https://www.cnbc.com/2021/05/25/stock-market-futures-open-to-close-newshtml.html,CNBC,CNBC,"U.S. stocks saw slight gains, with the S&P 500 climbing 0.2% driven by companies linked to economic reopening, such as Carnival and Royal Caribbean. Ford's increased investment in electric vehicles also boosted its shares, while Bitcoin's comeback contributed to positive risk sentiment. Trading was light ahead of the Memorial Day weekend, as investors also watched for developments on an infrastructure bill and major bank testimonies.",Yun Li|Hannah Miao,financial_markets|economy_macro|earnings|blockchain|retail_wholesale,0.7397906,0.355033,Bullish,1.0,0.223851,Somewhat-Bullish
SPY,2021-06-16 21:17:20+00:00,S&P 500 warning signals start flashing as ETF short bets build,https://www.etfstream.com/articles/sp-500-warning-signals-start-flashing-as-etf-short-bets-build,ETF Stream,ETF Stream,"Concerns are rising for a potential S&P 500 market correction, evidenced by increased short positions against the SPDR S&P 500 ETF Trust (SPY) and negative S&P 500 constituent earnings minus inflation. The SKEW index hitting record highs also suggests investors are paying a premium for protection against large market drawdowns. While some indicators point to caution, analysts suggest that improving economic conditions and strong earnings expectations could continue to support valuations, with any dips likely to be bought.",Jamie Gordon,financial_markets|economy_monetary|economy_macro,0.8429923333333335,0.040425,Neutral,0.300465,0.048322,Neutral
SPY,2021-08-13 14:27:00+00:00,Indicator That Signaled Corrections In 2010 And 2018 Flashes Red Again: Marshallian K Shows Liquidity Evaporating.,https://www.benzinga.com/21/08/22492938/indicator-that-signaled-corrections-in-2010-and-2018-flashes-red-again-marshallian-k-shows-liquidity,Benzinga,Benzinga,"The Marshallian K indicator, which measures market liquidity, has turned negative again, a signal that previously preceded market corrections in 2010 and 2018. While elevated market valuations increase the risk, the article notes that correction predictions often outnumber actual corrections. It suggests adding downside protection, such as hedging with SPY options, as a precautionary measure given the current inexpensive cost of hedging market risk.",David Pinsen,financial_markets|economy_macro,0.873378,-0.293061,Somewhat-Bearish,1.0,-0.254091,Somewhat-Bearish
SPY,2021-09-14 19:18:09+00:00,Satisfying the ever-evolving demands of the the semiconductor industry,https://www.theworldfolio.com/news/satisfying-the-evere/4487/,The Worldfolio,The Worldfolio,"Yamaha Robotics Holdings (YRH) serves as a one-stop smart solution provider in the semiconductor industry, operating in back-end semiconductor manufacturing, surface mount technology (SMT), and factory automation. As demand for semiconductors grows with Industry 4.0, YRH leverages Japan's expertise in ""integral manufacturing"" and its significant investments in advanced technologies to meet the market's evolving needs. The company aims to become the number one one-stop smart solution provider globally within three years, particularly strengthening its position in European SMT sales and utilizing its strong presence in the automotive inspection market.",,manufacturing|technology,0.972426,0.314956,Somewhat-Bullish,0.556825,0.284726,Somewhat-Bullish
SPY,2021-10-01 18:27:20+00:00,Fourier: Interpreting and Over-interpreting Frequency Analysis for AMEX:SPY by tbtkg,https://www.tradingview.com/chart/SPY/Zfsm6LDg-Fourier-Interpreting-and-Over-interpreting-Frequency-Analysis/,TradingView,TradingView,"This article explores the application of Fourier transform for frequency analysis of financial data, using an artificial price dataset for demonstration. It discusses the capabilities and limitations of the Fast Fourier Transform (FFT) algorithm in identifying periodicity, discontinuities, and random walks within price data. The author concludes that while Fourier analysis is a powerful mathematical tool, its utility in capitalizing on market cycles in financial time series is questionable, though it could be generally useful for price data analysis.",tbtkg,financial_markets,0.900971,0.143737,Neutral,1.0,0.105745,Neutral
SPY,2021-11-29 17:35:01+00:00,How to Automate Your Stock and ETF Trading Strategies for AMEX:SPY by TradeAutomation,https://www.tradingview.com/chart/SPY/cqBhOlym-How-to-Automate-Your-Stock-and-ETF-Trading-Strategies/,TradingView,TradingView,"This article provides an overview of how retail investors can automate stock and ETF trading strategies using TradingView alerts and Interactive Brokers. It outlines a process that involves setting up an AWS RDP server, installing IB Gateway and TradeRelay software, coding strategies in PineScript, and configuring webhooks for alerts. The author emphasizes that this method requires minimal coding expertise for the user.",TradeAutomation,financial_markets|technology,0.8746700000000001,0.209816,Somewhat-Bullish,1.0,0.238399,Somewhat-Bullish
SPY,2022-02-10 10:27:00+00:00,SPY Stock: SPDR S&P 500 ETF Trust Is a Stock to Hold Onto Forever,https://investorplace.com/2022/02/spy-stock-is-a-stock-to-hold-on-forever/,InvestorPlace,InvestorPlace,"Despite a volatile start to the year and concerns about a potential recession, the article argues that the SPDR S&P 500 ETF Trust (SPY) remains a strong long-term investment. It highlights the ETF's consistent performance, exposure to top U.S. companies, and low expense ratio as reasons to overlook current bearish sentiment. The author believes that while the market may experience short-term wobbles, a crippling long-term recession is unlikely, making SPY a reliable choice for investors.",Muslim Farooque,financial_markets|economy_monetary|economy_macro,0.8068863333333334,0.36385,Bullish,1.0,0.388792,Bullish
SPY,2022-03-21 14:05:15+00:00,SPY Stock: Today the SPDR S&P 500 ETF Is a Certain Buy,https://investorplace.com/2022/03/spy-stock-today-the-spdr-sp-500-etf-is-a-certain-buy/,InvestorPlace,InvestorPlace,"The article argues that the SPDR S&P 500 ETF (SPY) is a good buy, despite recent market volatility and corrections. It highlights SPY's strong rally the previous week, suggesting that market uncertainty is diminishing. The author recommends buying SPY to gain market exposure at an attractive discount, citing factors like the Federal Reserve's ""nimble"" approach to inflation, global COVID-19 management, and historical trends of geopolitical events creating buying opportunities.",Chris Tyler,financial_markets|economy_monetary|economy_macro,0.8377243333333334,0.535981,Bullish,1.0,0.549709,Bullish
SPY,2022-03-25 19:51:00+00:00,The SPY ETF Is an Attractive Long-Term Option to Buy in April,https://investorplace.com/2022/03/spy-stock-offers-an-attractive-long-term-option-for-april/,InvestorPlace,InvestorPlace,"The SPDR S&P 500 ETF Trust (SPY) has seen an 8% decline since January but is up almost 5% in the last month, tracking broader market swings. The author suggests this dip, along with the recent interest rate hike, creates a good entry point for long-term investors. SPY, which tracks the S&P 500 and is the oldest and largest ETF in the US, offers diversified access to major companies, making it a reliable long-term investment despite potential short-term volatility.",Tezcan Gecgil,financial_markets|economy_monetary|economy_macro,0.8135886666666666,0.37769,Bullish,1.0,0.463706,Bullish
SPY,2022-03-29 14:05:15+00:00,SPY Stock Is a Safe Investment During Times of Volatility,https://investorplace.com/2022/03/spy-stock-is-a-safe-investment-during-times-of-volatility/,InvestorPlace,InvestorPlace,"The article suggests that SPDR S&P 500 ETF Trust (SPY) stock is a safe investment during volatile market conditions due to its diversification and exposure to large-cap U.S. equities. It highlights SPY's historical outperformance, dividend payments, and minimal management requirements, making it suitable for risk-averse investors seeking a buy-and-hold option. While acknowledging some downsides like holding laggards and higher expense ratios compared to some alternatives, the article concludes that SPY remains a reliable, low-risk investment.",Faizan Farooque,financial_markets|economy_macro,0.817381,0.490812,Bullish,1.0,0.498377,Bullish
SPY,2022-03-29 14:05:15+00:00,Curb Your Bearish Enthusiasm and Invest in SPY Stock,https://investorplace.com/2022/03/curb-your-bearish-enthusiasm-and-invest-in-spy-stock/,InvestorPlace,InvestorPlace,"Despite market weakness and macroeconomic challenges in 2022, the article argues that the SPDR S&P 500 ETF Trust (SPY) remains an attractive investment. Citing its low expense ratio, exposure to major U.S. companies, and historical resilience, the author suggests SPY stock offers substantial upside potential and protection against downside risks, echoing advice from investors like Warren Buffett. The S&P 500 has consistently recovered from past crashes and provided positive long-term growth.",Muslim Farooque,financial_markets|economy_macro|economy_monetary,0.765774,0.499364,Bullish,1.0,0.460618,Bullish
SPY,2022-04-13 11:48:00+00:00,SPY Stock: Earnings and Key Support Are in Play for SPY ETF,https://investorplace.com/2022/04/earnings-and-key-support-are-in-play-for-spy-etf/,InvestorPlace,InvestorPlace,"The article discusses the SPDR S&P 500 ETF (SPY) amidst bearish macro drivers, focusing on the upcoming earnings season and key technical support levels. It highlights how investor sentiment is influenced by corporate health reports from SPY constituents like JPMorgan Chase & Co and Delta Airlines, alongside technical indicators such as the 50% Fibonacci retracement and the Chicago Board Options Exchange Volatility Index, to assess potential market bottoms.",Chris Tyler,earnings|financial_markets|economy_monetary|economy_macro,0.79891375,-0.011336,Neutral,1.0,-0.147489,Neutral
SPY,2022-04-18 11:58:00+00:00,Why the Immense Selling Pressure on the SPY ETF Must End,https://investorplace.com/2022/04/why-the-immense-selling-pressure-on-the-spy-etf-must-end/,InvestorPlace,InvestorPlace,"The article discusses why the intense selling pressure on the SPDR S&P 500 ETF Trust (SPY) is likely to subside, presenting a buying opportunity. It attributes recent declines to concerns surrounding major holdings like Microsoft, Amazon, and Tesla, including antitrust reviews, Rivian losses, and Elon Musk's distraction with Twitter. Despite these issues, the author argues that the fundamental strength of the top companies in the S&P 500 remains, and investors should accumulate SPY shares on dips.",Chris Lau,financial_markets,0.918103,-0.194768,Somewhat-Bearish,1.0,0.314827,Somewhat-Bullish
SPY,2022-06-02 08:00:00+00:00,Analyzing the SPY's Recent Options Volume,https://www.schaeffersresearch.com/content/analysis/2022/06/02/analyzing-the-spys-recent-options-volume,Schaeffer's Investment Research,Schaeffer's Investment Research,"This article analyzes recent options volume for the SPDR S&P 500 ETF Trust (SPY), examining the behavior of put and call options since the COVID-19 pandemic. It highlights a general increase in options volume, particularly calls relative to puts, and a significant shortening of option timeframes. The analysis also reveals a dramatic fall in the typical call option delta, possibly indicating increased retail trader activity or speculation on a market snap-back rally.",Rocky White,financial_markets|economy_macro,0.757475,0.254532,Somewhat-Bullish,1.0,0.033851,Neutral
SPY,2022-06-03 18:46:10+00:00,The SPDR S&P 500 ETF Trust Is Still Overvalued,https://news.yahoo.com/spdr-p-500-etf-trust-121541783.html,Yahoo News,Yahoo News,"The author argues that the recent surge in the SPDR S&P 500 ETF Trust (SPY) is premature because the S&P 500 remains overvalued. Utilizing the Fed Valuation Model and considering sector weightings, the article suggests that key metrics are not aligned for sustained index success in the near term, anticipating a plateau rather than a continued recovery. Divergent analyst opinions and a low VIX further support the uncertainty in the market.",Steve Booyens,financial_markets|economy_monetary|economy_macro,0.8227403333333333,-0.169585,Somewhat-Bearish,0.974834,-0.312363,Somewhat-Bearish
SPY,2022-08-30 09:38:47+00:00,The S&P 500 Just Flashed A Significant Signal,https://www.valuewalk.com/the-sp-500-just-flashed-a-significant-signal/,ValueWalk,ValueWalk,"The S&P 500 has flashed a significant negative signal by confirming resistance in the 4,100-4,300 range, forming a Head & Shoulders Reversal Pattern. This indicates a potential for at least 4 to 12 months of selling. Several headwinds, including a strong dollar, contraction in the housing sector, aggressive interest rate hikes from the FOMC, and a declining earnings outlook with shrinking margins, are contributing to this bearish forecast.",MarketBeat Editor,financial_markets|economy_monetary|economy_macro|real_estate|earnings,0.8405712,0.000897,Neutral,0.331929,0.042114,Neutral
SPY,2022-09-06 08:38:28+00:00,Lightweight parts for the EV revolution,https://www.theworldfolio.com/news/lightweight-parts-fo/4509/,The Worldfolio,The Worldfolio,"Akashi-Kikai, a Japanese manufacturer and Daihatsu subsidiary, is leveraging its expertise in lightweight, cost-effective vehicle parts for the electric vehicle (EV) revolution and construction industry. The company, founded in 1946, has developed a five-year plan to adapt to new market demands, focusing on high-performance noiseless gears and camshafts with applications in both automotive and construction machinery. Akashi-Kikai emphasizes human resource development and has expanded into Indonesian and Malaysian markets through joint ventures.",,manufacturing|energy_transportation|technology,0.784224,0.183771,Somewhat-Bullish,0.311663,0.004797,Neutral
SPY,2022-10-17 07:41:47+00:00,Price Correction to fix data manipulation and mispricing — Indicator by Techotomy,https://www.tradingview.com/script/RGa1yeCB-Price-Correction-to-fix-data-manipulation-and-mispricing/,TradingView,TradingView,"This article introduces the ""Price Correction"" indicator by Techotomy, designed to rectify data manipulation and mispricing issues in financial charts on TradingView. It highlights specific instances of mispricing in the SPY ETF and the NYSE Composite Index (NYA) by the AMEX exchange and NYSE, respectively, explaining how these inconsistencies are addressed. The indicator aims to provide accurate financial data by correcting daily and intraday OHLC data based on actual price action, offering a tool for traders to ensure reliable charting.",,financial_markets|technology|finance,0.8176676666666666,0.104646,Neutral,1.0,0.147928,Neutral
SPY,2022-10-26 07:41:47+00:00,Where 5 Wall Street Analysts Think the SPY ETF Will Go in 2023,https://investorplace.com/2022/10/where-5-wall-street-analysts-think-the-spy-etf-will-go-in-2023/,InvestorPlace,InvestorPlace,"This article compiles the 2023 price predictions for the SPDR S&P 500 ETF (SPY) from five Wall Street analysts. With the SPY ETF down significantly year-to-date due to rising interest rates, analysts from Morgan Stanley, Citi, Goldman Sachs, Credit Suisse, and UBS offer varied price targets for the coming year. These predictions range from around $389 to $419, reflecting mixed expectations for the S&P 500's performance.",Chris MacDonald,financial_markets|economy_monetary|economy_macro|finance,0.781566,0.131359,Neutral,1.0,0.073302,Neutral
SPY,2022-11-24 06:45:06+00:00,SWCC: Providing next-generation power infrastructure,https://www.theworldfolio.com/news/swcc-providing-nextgeneration-power-infrastructure-/4556/,The Worldfolio,The Worldfolio,"SWCC, a Japanese manufacturer of electric wires and cables, is addressing the critical need for advanced power infrastructure. The company's e-Ribbon® optical fiber cables are designed for high-capacity communication and efficient installation in data centers, which are crucial for the global digital revolution. SWCC is also adapting its innovative technology for the automotive sector's transition to electric vehicles.",,manufacturing|technology|energy_transportation,0.8271130000000001,0.264665,Somewhat-Bullish,0.586457,0.268765,Somewhat-Bullish
SPY,2022-12-08 05:48:17+00:00,Driving innovation in fabric and fibers,https://www.theworldfolio.com/news/driving-innovation-in-fabric-and-fibers/4564/,The Worldfolio,The Worldfolio,"Komatsu Matere, a Japanese fabric manufacturer, excels in the global market through continuous R&D and unique chemical fabric manufacturing technologies. The company's commitment to innovation has led to the development of ""ultra components"" utilized by leading fashion brands and world-class athletes, as well as expansions into construction materials like Greenbiz and anti-seismic solutions with CABKOMA technology. Komatsu Matere also innovated in personal protective equipment, creating a comfortable face mask during the Covid-19 pandemic, all while adhering to its philosophy of freshness in every action.",,manufacturing|technology|real_estate|retail_wholesale,0.69005975,0.271208,Somewhat-Bullish,0.59047,0.29103,Somewhat-Bullish
SPY,2022-12-08 10:04:00+00:00,This fund beats the S&P 500 by using 75 of its stocks. Here's how it works.,https://www.marketwatch.com/story/this-fund-beats-the-s-p-500-by-using-just-75-of-its-components-heres-how-it-works-11670511856?gaa_at=eafs&gaa_n=AWEtsqdnyTtXSOqGonpri0-6k-EfvpPt-CAjaXoz5Nlw0JTLzd0Kk9POwWV6&gaa_ts=6907aa1e&gaa_sig=71hbWPFnvWjnsxP3mYFC-HrJnzTYd2w5XmmfRRmicZn9sMabZdkA9kMgnB3K52t_lYLUkXBGw_QV3_99DSy3qQ%3D%3D,MarketWatch,MarketWatch,"This article discusses how the Invesco S&P 500 GARP ETF has managed to outperform the S&P 500 by focusing on only 75 of its components. The fund's success is attributed to its investment strategy which combines quality and lower prices, proving effective in both bull and bear markets. This approach might be particularly appealing to investors concerned about a potential recession.",Philip van Doorn,financial_markets|finance|economy_macro,0.7625730000000001,0.284176,Somewhat-Bullish,1.0,0.337673,Somewhat-Bullish
SPY,2022-12-21 05:48:17+00:00,Ken Griffin among world’s richest after stellar year for Citadel,https://www.cmcmarkets.com/en-au/opto-partners/ken-griffin-among-worlds-richest-after-stellar-year-for-citadel,CMC Markets,CMC Markets,"Ken Griffin, CEO of Citadel, has joined the ranks of the world's top 40 wealthiest individuals following an exceptional year for his hedge fund, with its flagship Wellington fund returning 32%. This success comes despite a challenging market for other financial institutions and amid accusations of market manipulation (""spoofing"") by biotech firm Northwest Biotherapeutics, which Citadel firmly denies. The firm's performance was reportedly boosted by strategic trading of S&P 500 options.",OPTO,financial_markets|earnings|finance|economy_macro|life_sciences,0.743888,0.178848,Somewhat-Bullish,0.991152,0.279569,Somewhat-Bullish
SPY,2022-12-22 18:46:10+00:00,ETF pioneer Kathleen Moriarty dies at 69,https://www.investmentnews.com/etfs/etf-pioneer-kathleen-moriarty-dies-at-69/232218,InvestmentNews,InvestmentNews,"Kathleen Moriarty, a prominent lawyer instrumental in the creation of the first exchange-traded fund, the SPDR S&P 500 ETF Trust, has died at 69. Known as ""SPDR Woman,"" she was a pioneer in the ETF industry, guiding numerous innovative products to market and representing clients in groundbreaking ventures like the first Bitcoin ETF application. Her colleagues remember her as a humble, kind-hearted, and impactful figure who shaped the fastest-growing segment of the money-management industry.",Bloomberg,finance|financial_markets|technology|blockchain,0.801766,0.37291,Bullish,1.0,0.443933,Bullish
SPY,2022-12-26 05:48:17+00:00,"MORINAGA & CO., LTD",https://www.theworldfolio.com/company/morinaga--co-ltd/1399/,The Worldfolio,The Worldfolio,"Morinaga & Co., Ltd. is a Japanese confectionery company founded in 1899, aiming to provide delicious, fun, and healthy food products globally. The company focuses on confectioneries, foodstuffs, frozen desserts, and health-related items, with a strategic expansion into overseas markets and health segments. Despite anticipating challenges in domestic snack and frozen food markets, Morinaga is committed to strengthening its business base, expanding its product offerings, and fostering open innovation to adapt to rapid market changes.",,manufacturing|retail_wholesale,0.8785425,0.040165,Neutral,0.344297,0.005545,Neutral
SPY,2022-12-30 05:48:17+00:00,2012 and the Maya World,https://www.theworldfolio.com/news/maya-world-mexico-n1/1750/,The Worldfolio,The Worldfolio,"This article discusses the widespread fascination and misunderstanding surrounding the Maya civilization's prediction for December 21, 2012. It clarifies that while the date marked the end of a long cycle in the Maya calendar, archaeologists agree it did not signify the end of the world but rather a shift in human consciousness or a new era. The piece also highlights the enduring presence and distinct cultural traditions of modern Maya peoples in Mexico.",,economy_macro|retail_wholesale|life_sciences,0.627781,0.227431,Somewhat-Bullish,0.592892,0.018243,Neutral
SPY,2022-12-30 05:48:17+00:00,Teruaki Nakatsuka,https://www.theworldfolio.com/leader/teruaki-nakatsuka/200/,The Worldfolio,The Worldfolio,"This article provides a detailed biography of Teruaki Nakatsuka, highlighting his current role as President & CEO of JATCO Ltd. since June 2014. It also outlines his professional background, including prior positions at GE Aviation, GE Japan, McKinsey & Company, Inc., and Marubeni Corporation, as well as his educational qualifications from Northwestern University and Keio University.",,manufacturing|finance|energy_transportation,0.6438256666666667,0.003819,Neutral,0.334771,0.026753,Neutral
SPY,2023-01-24 12:05:00+00:00,"A 30-year revolution: SPY opened stocks to the masses, spawning a raft of options for today's investors",https://www.marketwatch.com/story/spy-30th-anniversary-revolution-began-after-etf-launch-seemed-an-answer-to-a-question-no-one-was-asking-says-datatrek-11674579957?gaa_at=eafs&gaa_n=AWEtsqcal4cvobO3V7v5eQGQLQFljZCayUJKPIIh95wLjLDl0Ox_GkJwyWlH&gaa_ts=699a8e2a&gaa_sig=kg-oqRZAlHVfNZTeGqPFwzLlCjXM6je8mDpDhEU51r7Joxf6VHph0KXUpMtqAvJrQnZYe7tNnPnrgyzhyiKQCg%3D%3D,MarketWatch,MarketWatch,"The SPDR S&P 500 ETF Trust (SPY), established in January 1993, is celebrating its 30th anniversary. This first U.S. exchange-traded fund revolutionized investing, making it accessible to a broader audience and leading to the creation of a vast new market. The introduction of SPY marked a significant instance of disruptive innovation in the financial sector.",Christine Idzelis,financial_markets|finance,0.8332525,0.426227,Bullish,1.0,0.422435,Bullish
SPY,2023-01-25 09:46:00+00:00,Private equity may be up next for ETF innovation as State Street celebrates SPY,https://www.marketwatch.com/story/private-equity-may-be-up-next-for-etf-innovation-as-state-street-celebrates-spy-11674658023?gaa_at=eafs&gaa_n=AWEtsqcVFSpbrh5a2lZnKiDTadY7CJUN0gq3OQ9iM9od6eE9TalCI8TLxRD8&gaa_ts=699a8e2a&gaa_sig=7WQN1Rgh6ABWOtI_R_2TujcrhRHPs5F8znkSU_u2CARC1tZhFDWsE0CbJxEuA8CV40q8Pf3HU4dLl5kXlGgIzA%3D%3D,MarketWatch,MarketWatch,"State Street is exploring private equity as the next area for innovation in the exchange-traded fund (ETF) market, as the SPDR S&P 500 ETF Trust (SPY) celebrates its 30th anniversary. Sue Thompson, head of Americas distribution for SPDR ETFs at State Street Global Advisors, expressed a desire to see private equity democratized within the ETF structure. This discussion took place during a panel celebrating the SPY ETF's milestone, focusing on future ETF market innovations.",Christine Idzelis,finance|financial_markets|technology,0.7201666666666666,0.227797,Somewhat-Bullish,1.0,0.274263,Somewhat-Bullish
SPY,2023-02-09 03:49:05+00:00,Pressing ahead: AIDA ENGINEERING provides press forming solutions for sustainable industries,https://www.theworldfolio.com/news/pressing-ahead-aida-engineering-provides-press-forming-solutions-for-sustainable-industries/4583/,The Worldfolio,The Worldfolio,"AIDA ENGINEERING, a global leader in press manufacturing for over a century, is adapting its metalforming technologies to address changing market needs, particularly in sustainable industries. The company is developing solutions for electric vehicles (EVs), energy conservation, and carbon reduction, employing technologies like cold stamping to reduce emissions and advanced presses (MSP and UL series) for producing lighter components and motor cores with high precision. AIDA is focused on product development, advanced production technologies, and leveraging AI/DX to enhance customer productivity.",,manufacturing|energy_transportation|economy_macro|technology,0.74467025,0.293204,Somewhat-Bullish,0.563706,0.273259,Somewhat-Bullish
SPY,2023-02-13 03:49:05+00:00,Best Editors' Picks of 2022 for AMEX:SPY by PineCoders,https://www.tradingview.com/chart/SPY/eTOyVYgR-Best-Editors-Picks-of-2022/,TradingView,TradingView,"TradingView's PineCoders announced the ""Best Editors' Picks of 2022"" awards, highlighting four outstanding open-source Pine Script™ publications from 84 selections. These scripts, chosen by the PineCoders team, will earn their authors 50,000 TradingView coins. The initiative aims to encourage learning and sharing within the TradingView community by showcasing original and valuable scripts.",,financial_markets|technology|finance,0.758971,0.241917,Somewhat-Bullish,1.0,0.243603,Somewhat-Bullish
SPY,2023-02-17 03:49:05+00:00,Promoting shared value through rubber compounding technology,https://www.theworldfolio.com/news/promoting-shared-value-through-rubber-compounding-technology-/4596/,The Worldfolio,The Worldfolio,"Yamato Chemical, established in 1972, has grown into a leading provider of rubber products. The company aims to offer high-quality rubber products at low prices, primarily targeting the rapidly growing ASEAN market. President Hidehiro Nakamura emphasizes the importance of consistent values and vision across domestic and international operations to maintain quality and expand overseas presence.",,manufacturing|economy_macro,0.817306,0.266087,Somewhat-Bullish,0.557158,0.265892,Somewhat-Bullish
SPY,2023-03-16 02:55:50+00:00,Hightec Systems continues to grow as essential partner for semiconductor and FPD manufacturers,https://www.theworldfolio.com/news/hightec-systems-continues-to-grow-as-essential-partner-for-semiconductor-and-fpd-manufacturers-/4611/,The Worldfolio,The Worldfolio,"Hightec Systems Corporation, led by CEO Moriaki Abe, has thrived despite Japan's ""lost 30 years"" by developing a unique three-pronged business model that includes buying/selling used manufacturing equipment, offering engineering services, and importing advanced microelectromechanical systems technology. The company emphasizes long-term customer relationships and is now looking to expand its global reach into the U.S. and European markets, building on its existing business in China, South Korea, and Taiwan. Abe's persistent efforts in securing new clients and fostering customer trust have been crucial to the company's growth from three to 100 employees and $200 million in annual sales.",,manufacturing|technology|economy_macro,0.8764113333333333,0.459585,Bullish,0.337134,0.020989,Neutral
SPY,2023-03-24 02:55:50+00:00,Momotani Juntenkan: The beginning of modern Japanese cosmetics,https://www.theworldfolio.com/news/momotani-juntenkan-the-beginning-of-modern-japanese-cosmetics/4624/,The Worldfolio,The Worldfolio,"Momotani Juntenkan, established in 1885 by Masajiro Momotani, played a pivotal role in shaping the modern Japanese cosmetics industry with its original BIGANSUI product. The company's commitment to research and development, evidenced by its institutes and product innovations like MEISHOKU Cleansing Cream, led to its growth and eventual split into three entities in 1993. Current president Seiichiro Momotani continues to uphold the founding principles, emphasizing ongoing innovation and R&D capabilities.",,retail_wholesale|manufacturing,0.7784405,0.006469,Neutral,0.306611,0.020803,Neutral
SPY,2023-03-31 02:55:50+00:00,SPDR S&P 500 (SPY) Stock: Breakout Leveraging Tech Stocks Rally?,https://www.thecoinrepublic.com/2023/03/31/spdr-sp-500-spy-stock-breakout-leveraging-tech-stocks-rally/,The Coin Republic,The Coin Republic,"The SPDR S&P 500 (SPY) ETF has shown a positive resurgence in 2023, largely driven by gains in tech and semiconductor stocks, which comprise a significant portion of its portfolio. Technical analysis suggests a potential bullish breakout for SPY, with indicators pointing to an upcoming rally. Investors are advised to watch support levels and anticipate a rise leveraging the strength of its underlying tech holdings.",Kartik Dhankani,financial_markets|technology|economy_macro,0.7910559999999999,0.361118,Bullish,1.0,0.492747,Bullish
SPY,2023-04-09 02:04:37+00:00,TMW: the integral and beyond,https://www.theworldfolio.com/news/tmw-the-integral-and-beyond/4637/,The Worldfolio,The Worldfolio,"TMW, founded in 1949, is a Japanese specialist in plastic-injection molds for automobile parts, serving major vehicle manufacturers globally. The company emphasizes partnerships and maintains a global network to stay competitive. TMW is adapting to the automotive industry's shift towards EVs and FCVs, anticipating changes in design complexity rather than a fundamental alteration of its core business.",,manufacturing|energy_transportation,0.812555,0.232672,Somewhat-Bullish,0.34138,0.030379,Neutral
SPY,2023-05-25 01:12:06+00:00,Building a new sustainable foundation,https://www.theworldfolio.com/news/building-new-sustainable-foundation-/4686/,The Worldfolio,The Worldfolio,"Ishihara Co., Ltd., a trading company, supports the construction industry by focusing on efficiency, sustainability, and automation. The company leverages factory-based pre-cutting of gypsum boards to eliminate waste at construction sites and introduces new technologies like robotics to address labor shortages. Ishihara also launched a new housing brand, Fularika, to combine its various construction-related divisions into one comprehensive service, with future plans to expand internationally.",,real_estate|manufacturing|technology,0.7557986666666666,0.192176,Somewhat-Bullish,0.34945,0.035086,Neutral
SPY,2023-07-27 23:33:17+00:00,Small Account Options Trading: How to Scale,https://www.tastylive.com/news-insights/scaling-up-in-small-accounts,tastylive,tastylive,"This article discusses strategies for scaling up trading capital in small accounts, focusing on options trading. It explores two primary approaches: increasing an individual position's risk/buying power requirement or increasing the number of contracts, while emphasizing the importance of understanding risk and probability of loss. The author advises widening the spread while keeping the number of contracts low to balance premium and risk, ensuring sustainable growth rather than just profitability.",Kai Zeng,financial_markets,0.90422,0.116729,Neutral,1.0,0.110906,Neutral
SPY,2023-09-22 21:58:17+00:00,Exchange Traded Fund (ETF) Definition,https://coinmarketcap.com/academy/glossary/exchange-traded-fund-etf,CoinMarketCap,CoinMarketCap,"An Exchange Traded Fund (ETF) is a security that tracks a basket of assets like stocks, bonds, and cryptocurrencies, trading like a single stock on an exchange. ETFs offer diversification and generally lower costs compared to mutual funds, while also providing tax advantages and the ability to engage in short selling. They can be passively managed, tracking market indices, or actively managed by portfolio managers.",,financial_markets|finance|blockchain,0.8245986666666667,0.003882,Neutral,0.328545,0.005707,Neutral
SPY,2023-10-02 21:07:23+00:00,Economic Growth: The Role of Consumer Consumption and Confidence,https://www.etftrends.com/innovative-etfs-content-hub/economic-growth-role-consumer-consumption-confidence/,ETF Trends,ETF Trends,"The article discusses key economic releases from late September 2023, focusing on personal consumption expenditures (PCE), gross domestic product (GDP), and consumer confidence. It highlights that while GDP growth slowed but remained positive, core PCE showed signs of cooling, suggesting a potential end to Fed rate hikes. However, consumer confidence significantly declined due to rising prices and interest rates, raising concerns about future economic conditions.",Jennifer Nash,economy_macro|financial_markets|economy_monetary,0.8164036666666666,0.021559,Neutral,0.345838,0.00131,Neutral
SPY,2023-10-18 21:07:23+00:00,Volatility: Treasury Bonds Fluctuating Even More Than Stocks,https://www.ai-cio.com/news/volatility-treasury-bonds-fluctuating-even-more-than-stocks/,Chief Investment Officer,Chief Investment Officer,"Treasury bonds are experiencing unusual volatility, surpassing that of the S&P 500, according to Bespoke Investment Group. This elevated fluctuation, with daily swings of around 1% for long-term Treasury ETFs, has persisted despite a general decline in market volatility this year. Factors contributing to this trend include the Federal Reserve's interest rate hikes, increased government debt issuance, and Treasurys' role as a refuge investment.",Larry Light,financial_markets|economy_monetary|economy_macro,0.8222823333333333,0.01572,Neutral,0.319121,0.038455,Neutral
SPY,2023-11-27 20:17:17+00:00,AI-Driven Market Analysis: Revolutionizing Financial Insights for AMEX:SPY by JS_TechTrading,https://www.tradingview.com/chart/SPY/V9OQ3yrL-AI-Driven-Market-Analysis-Revolutionizing-Financial-Insights/,TradingView,TradingView,"This article explores how Artificial Intelligence (AI) is transforming market analysis, moving from traditional methods to advanced AI integration. It details various AI models used, such as neural networks and NLP, and their applications in predictive analytics, real-time data processing, automated technical analysis, and sentiment analysis for AMEX:SPY. The text also highlights real-world success stories and discusses future trends and shifts in AI's role in financial market decision-making.",JS_TechTrading,financial_markets|technology,0.856618,0.455564,Bullish,1.0,0.484828,Bullish
SPY,2023-12-09 19:25:37+00:00,Shinichi Ata,https://www.theworldfolio.com/leader/shinichi-ata/410/,The Worldfolio,The Worldfolio,"This article provides a leadership profile for Shinichi Ata, President & CEO of SB Technology Corp. It details his extensive career background, including key roles at Microsoft and SoftBank, and outlines his current goals for SB Technology, focusing on significant growth, technological advancement, and fostering employee engagement to contribute to the Information Revolution.",,technology,0.830649,0.171739,Somewhat-Bullish,0.319549,0.013945,Neutral
SPY,2024-02-23 06:52:00+00:00,SPY ETF Reaches Record High Amid Nvidia-Fueled AI Rally—Key Chart Pattern to Watch,https://www.investopedia.com/spy-etf-reaches-record-high-amid-nvidia-fueled-ai-rally-key-chart-pattern-to-watch-8599112,Investopedia,Investopedia,"The SPDR S&P 500 ETF Trust (SPY) reached a record high, mirroring the S&P 500's surge driven by mega-cap technology stocks, particularly after Nvidia's strong earnings report. Nvidia, along with other AI-related companies like Microsoft and Broadcom, contributed significantly to the rally, highlighting the outsized influence of Magnificent Seven stocks within the SPY's portfolio. Investors should watch the SPY's rising wedge pattern for potential breakouts or breakdowns, which could signal future price movements.",Timothy Smith,earnings|financial_markets|technology,0.9169863333333333,0.371895,Bullish,1.0,0.463896,Bullish
SPY,2024-03-01 16:33:46+00:00,Citadel's Ken Griffin Oversees $500 Billion in Managed Assets: These Are His Top 5 Holdings,https://www.theglobeandmail.com/investing/markets/stocks/AMD/pressreleases/24470375/citadels-ken-griffin-oversees-500-billion-in-managed-assets-these-are-his-top-5-holdings/,The Globe and Mail,The Globe and Mail,"Ken Griffin's Citadel Advisors manages $500 billion in assets and is a top-performing hedge fund. SEC filings reveal its top non-derivative holdings, which include the SPDR S&P 500 ETF Trust, Nvidia, Microsoft, Amazon, and Advanced Micro Devices. These investments highlight a strategy of betting on market indexes and major players in tech and AI while acknowledging potential risks and sector trends.",Motley Fool,financial_markets|technology|economy_macro|finance,0.751722,0.437871,Bullish,1.0,0.435849,Bullish
SPY,2024-03-19 16:33:47+00:00,Can you beat the market with Modern Portfolio Theory?,https://medium.datadriveninvestor.com/can-you-beat-the-market-with-modern-portfolio-theory-102dc6d03915,DataDrivenInvestor,DataDrivenInvestor,"This article explores Modern Portfolio Theory (MPT) and its application in portfolio management using Python. It discusses how MPT, developed by Harry Markowitz, aims to maximize returns for a given level of risk by optimizing capital allocation. The author promises a walkthrough on backtesting an MPT approach against a benchmark to assess its effectiveness.",Jacob Ingle,finance|financial_markets,0.887424,0.153756,Somewhat-Bullish,0.709179,0.218111,Somewhat-Bullish
SPY,2024-03-21 16:33:46+00:00,The Most Popular ETF for Tracking the S&P 500,https://global.morningstar.com/en-ca/etfs/the-most-popular-etf-for-tracking-the-s-p-500,Morningstar Canada,Morningstar Canada,"The SPDR S&P 500 ETF Trust (SPY) is highlighted as the most popular and effective ETF for tracking the S&P 500, earning a Morningstar Medalist Rating of Silver. Its success is attributed to a rock-bottom fee and a well-diversified, market-cap-weighted portfolio that accurately represents the U.S. large-cap market. While market-cap weighting can lead to concentration risks, the ETF's broad diversification and low costs generally lead to sound long-term performance.",Mo'ath Almahasneh,financial_markets|finance|economy_macro,0.7581916666666667,0.331751,Somewhat-Bullish,1.0,0.315885,Somewhat-Bullish
SPY,2024-05-06 14:15:36+00:00,"The Biggest Investors Are Selling Stocks Right Now, Yet S&P 500 Notches Best 3-Day Streak In 7 Months - Should You Buy?",https://www.tradingview.com/news/benzinga:d5cabd000094b:0-the-biggest-investors-are-selling-stocks-right-now-yet-s-p-500-notches-best-3-day-streak-in-7-months-should-you-buy/,TradingView,TradingView,"Major U.S. pension funds, including CalPERS and the New York State Common Retirement Fund, are significantly reducing their equity allocations in favor of private equity and real estate. This strategic shift comes despite the S&P 500 experiencing a robust rebound in early May, driven by the Federal Reserve's dovish stance on interest rates and a cooler-than-expected jobs report. The S&P 500 recently achieved its strongest three-day winning streak since November 2023, recovering from a challenging April.",,financial_markets|economy_monetary|economy_macro|real_estate|finance,0.7335644,0.412564,Bullish,1.0,0.446256,Bullish
SPY,2024-05-16 14:15:36+00:00,Stock Market Recap: The Power of the 23-Month Moving Average,https://www.seeitmarket.com/stock-market-recap-the-power-of-the-23-month-moving-average/,See It Market,See It Market,"This article examines the significance of the 23-month moving average in stock market analysis, focusing on the S&P 500 (SPY), Alibaba, and the KRE regional banking ETF. It highlights how SPY's performance relative to its 23-month MA indicates an expansion phase, while Alibaba's struggle below it suggests caution. The analysis also points to KRE's potential for expansion if it can sustainably cross its 23-month MA.",Michele Schneider,financial_markets|finance,0.8341894999999999,0.402009,Bullish,1.0,0.419869,Bullish
SPY,2024-05-30 12:18:00+00:00,"Index values for Dow, S&P 500 are working again after hourlong freeze",https://www.cnbc.com/2024/05/30/ddata-feed-issue-cause-halt-in-calculations-for-dow-sp-500-indexes-as-trading-appears-normal.html,CNBC,CNBC,"The data feeds for key market averages, including the S&P 500 and Dow Jones Industrial Average, experienced an hour-long freeze on Thursday morning. The issue, confirmed by CME Group, affected the calculation of index values but did not disrupt individual stock trading or futures markets. The calculations froze around 10:41 AM ET and resumed shortly before noon.",Jesse Pound,financial_markets,0.93875,0.013487,Neutral,0.315645,0.008609,Neutral
SPY,2024-06-10 13:21:02+00:00,Exploring Economic Indicators: May 2024 Employment Shows Mixed Signals,https://www.etftrends.com/innovative-etfs-content-hub/exploring-economic-indicators-may-2024-employment-shows-mixed-signals/,ETF Trends,ETF Trends,"The May 2024 employment reports presented mixed signals for the U.S. labor market, with the official Employment Report showing more jobs added than expected but the unemployment rate rising. Concurrently, the JOLTS report indicated a cooling labor market with job openings falling, while the ADP Employment Report revealed lower-than-projected private sector job additions. These varied indicators reinforce expectations that the Federal Reserve will likely keep interest rates steady at its upcoming meeting.",Jennifer Nash,economy_macro|economy_monetary|financial_markets,0.8267536666666667,0.004019,Neutral,0.312549,0.025787,Neutral
SPY,2024-07-02 00:00:00+00:00,SPY vs. VOO: Which of Warren Buffett’s ETFs Is Better?,https://www.morningstar.com/funds/spy-vs-voo-which-warren-buffetts-etfs-is-better,Morningstar,Morningstar,"This article compares two S&P 500 tracking ETFs, SPY and VOO, both of which were previously held by Berkshire Hathaway. While both funds are highly rated and track the same index, VOO is identified as the better option due to its lower expense ratio and more efficient structure compared to SPY's unit investment trust limitations. The analysis highlights Morningstar's ""Gold"" rating for VOO versus ""Silver"" for SPY, emphasizing the importance of fees and structural efficiency for long-term investor benefit.",Margaret Giles,financial_markets|finance,0.8357175,0.205582,Somewhat-Bullish,1.0,0.208265,Somewhat-Bullish
SPY,2024-08-05 11:26:19+00:00,Market Sell-Off? This Active Equity ETF Is Still Outperforming,https://www.etftrends.com/active-etf-channel/market-selloff-active-equity-etf-still-outperforming/,ETF Trends,ETF Trends,"Amidst a recent market sell-off, the T. Rowe Price Capital Appreciation Equity ETF (TCAF) has demonstrated outperformance against the SPDR S&P 500 ETF Trust (SPY) over both the last three months and the past month. TCAF, an active equity ETF, attributes its success to fundamental analysis and the flexibility inherent in its active management approach, allowing it to adapt better to market volatility compared to index funds. It has also outperformed its ETF Database Category and FactSet Segment averages.",Nick Peters-Golden,financial_markets,0.916582,-0.321192,Somewhat-Bearish,1.0,-0.333343,Somewhat-Bearish
SPY,2024-09-20 10:34:54+00:00,SPY's Big Outflows Hamper State Street: Morningstar,https://www.etf.com/sections/news/spys-big-outflows-hamper-state-street-morningstar,ETF.com,ETF.com,"State Street Global Advisors (SSGA), the third-largest ETF issuer, is facing significant challenges this year due to substantial outflows from its flagship SPDR S&P 500 ETF Trust (SPY). SPY has bled $26.9 billion in net outflows, impacting SSGA's overall flow figures and widening the gap with larger competitors BlackRock and Vanguard. While Morningstar reports SSGA is on track for its worst year of ETF flows since 2018, State Street disputes the data, citing seasonal and structural factors that typically lead to strong year-end inflows for SPY.",Jeff Benjamin,finance|financial_markets,0.893057,-0.150339,Somewhat-Bearish,1.0,-0.239698,Somewhat-Bearish
SPY,2024-10-18 00:00:00+00:00,SPY Becomes First ETF to Reach $600 Billion in AUM,https://www.etftrends.com/spy-becomes-first-etf-reach-600-billion-aum/,ETF Trends,ETF Trends,"The SPDR S&P 500 ETF Trust (SPY) has become the first ETF to surpass $600 billion in assets under management, reaching $603 billion as of October 17, 2024. This milestone follows over $7 billion in inflows this week and highlights SPY's legacy as the first U.S. ETF and its continued appeal to investors for broad S&P 500 exposure. The fund's success is attributed to market-based drivers, technical and momentum factors during a recent rally, and its unheralded liquidity and optionality.",Nick Wodeshick,financial_markets|finance,0.8782015,0.814926,Bullish,1.0,0.844279,Bullish
SPY,2024-11-27 10:46:00+00:00,The S&P 500 (SPY) Is Ready for a Sell-Off,https://247wallst.com/investing/2024/11/27/the-sp-500-spy-is-ready-for-a-sell-off/,24/7 Wall St.,24/7 Wall St.,"The S&P 500 has gained 25% year-to-date, but this growth is largely driven by a small group of ""Magnificent 7"" stocks, pushing valuations above historical averages. While the SPDR S&P 500 ETF Trust (SPY) is generally recommended for long-term investors due to the market's historical resilience, the current concentration of gains suggests a potential sell-off is due. Despite this, experts advise against shorting the market and suggest that consistently investing in SPY can still lead to long-term gains, as bear markets are typically short-lived and followed by stronger bull markets.",Rich Duprey,financial_markets|technology|economy_macro|finance,0.77463325,0.108958,Neutral,1.0,-0.093826,Neutral
